店家名稱,備註,名單,文字,有無買到,檔案和媒體,網址
3COINS,,,零錢收納包,No,%E6%96%B0%E6%B8%85%E5%96%AE/3COINS/%E6%88%AA%E5%9C%96_2025-07-18_%E6%99%9A%E4%B8%8A10.31.56.png,
MUJI,,,https://www.muji.com/jp/ja/store/cmdty/detail/4550344598153,Yes,%E6%96%B0%E6%B8%85%E5%96%AE/MUJI/4550344598153_org.jpeg,
藥妝,"https://goo.gl/maps/zhQd75Fh1H7gtzQr5
08:05–23:00",,"B群 / 維他命C
感冒藥 / EVE
大猩猩按摩",No,,
,,,瀏海定型噴霧 小罐 ⭐️⭐️⭐️,No,%E6%96%B0%E6%B8%85%E5%96%AE/%E7%84%A1%E6%A8%99%E9%A1%8C%202783-a486/IMG_7753.jpeg,
,,,https://www.kanebo-global.com/global/zh-tw/skincare/detail/comfort_stretchy_wash_ii/,No,%E6%96%B0%E6%B8%85%E5%96%AE/%E7%84%A1%E6%A8%99%E9%A1%8C%202793-50a3/image.png,
,,,敏感肌用防曬乳,No,%E6%96%B0%E6%B8%85%E5%96%AE/%E7%84%A1%E6%A8%99%E9%A1%8C%202793-246d/image.png,
,,,yunth 妝前乳 clear,No,%E6%96%B0%E6%B8%85%E5%96%AE/%E7%84%A1%E6%A8%99%E9%A1%8C%202793-4ddf/image.png,
,,,精油洗手乳 扁柏薰衣草 ⭐️⭐️,No,%E6%96%B0%E6%B8%85%E5%96%AE/%E7%84%A1%E6%A8%99%E9%A1%8C%202793-57dd/4550584404610_org.jpeg,https://www.muji.com/jp/ja/store/cmdty/detail/4550584404610
Lawson,,,銅鑼燒,No,%E6%96%B0%E6%B8%85%E5%96%AE/Lawson/image.png,
,,,日本國產焙茶拿鐵,No,%E6%96%B0%E6%B8%85%E5%96%AE/%E7%84%A1%E6%A8%99%E9%A1%8C%202793-4920/%E6%88%AA%E5%9C%96_2025-03-05_%E6%99%9A%E4%B8%8A10.28.38.png,
,,,扣環收納袋,No,%E6%96%B0%E6%B8%85%E5%96%AE/%E7%84%A1%E6%A8%99%E9%A1%8C%202793-4e9d/%E6%88%AA%E5%9C%96_2025-07-18_%E6%99%9A%E4%B8%8A10.32.12.png,
,,,化妝包,No,%E6%96%B0%E6%B8%85%E5%96%AE/%E7%84%A1%E6%A8%99%E9%A1%8C%202793-4afb/%E6%88%AA%E5%9C%96_2025-07-18_%E6%99%9A%E4%B8%8A10.32.38.png,
,,,Premium生乳捲,No,%E6%96%B0%E6%B8%85%E5%96%AE/%E7%84%A1%E6%A8%99%E9%A1%8C%202793-b8bb/image.png,
,,,蜜粉濕紙巾,No,%E6%96%B0%E6%B8%85%E5%96%AE/%E7%84%A1%E6%A8%99%E9%A1%8C%202793-4df4/image.png,
,,,第一三共 解熱止痛藥,No,%E6%96%B0%E6%B8%85%E5%96%AE/%E7%84%A1%E6%A8%99%E9%A1%8C%202793-f6e8/Kevin%E8%80%81%E5%B8%AB%E7%9A%84%E6%99%82%E5%B0%9A%E7%BE%8E%E5%A6%9D%E9%A0%BB%E9%81%93_-_%E3%80%90%E6%8A%BD%E7%8D%8E%E3%80%91%E5%85%AC%E9%96%8B%E7%A7%81%E4%BA%BA%E8%A3%9C%E8%B2%A8%E6%B8%85%E5%96%AE%E6%97%A5%E6%9C%AC%E6%9D%BE%E6%9C%AC%E6%B8%85%E5%BF%85%E8%B2%B7%E8%97%A5%E5%A6%9D%EF%BD%9C_%E6%B7%A1%E6%96%91%E7%BE%8E%E7%99%BD%E4%B8%B8%EF%BD%9C%E6%B4%97%E9%A1%8F%E5%87%9D%E8%86%A0%EF%BD%9C%E5%B0%8F%E7%B4%85%E7%AE%A1%E7%89%99%E8%86%8F%EF%BD%9C%E9%AB%98%E9%98%B2%E6%9B%AC%E6%8A%97%E7%9A%BA%E6%97%A5%E9%9C%9C%EF%BD%9C%E6%88%90%E4%BA%BA%E7%97%98%E7%97%98%E8%97%A5%EF%BD%9C%E9%85%B8%E7%97%9B%E8%B2%BC%E5%B8%83_ll_Kevin_(2).png,
,,,塗抹止痛棒,No,%E6%96%B0%E6%B8%85%E5%96%AE/%E7%84%A1%E6%A8%99%E9%A1%8C%202793-920a/Kevin%E8%80%81%E5%B8%AB%E7%9A%84%E6%99%82%E5%B0%9A%E7%BE%8E%E5%A6%9D%E9%A0%BB%E9%81%93_-_%E3%80%90%E6%8A%BD%E7%8D%8E%E3%80%91%E5%85%AC%E9%96%8B%E7%A7%81%E4%BA%BA%E8%A3%9C%E8%B2%A8%E6%B8%85%E5%96%AE%E6%97%A5%E6%9C%AC%E6%9D%BE%E6%9C%AC%E6%B8%85%E5%BF%85%E8%B2%B7%E8%97%A5%E5%A6%9D%EF%BD%9C_%E6%B7%A1%E6%96%91%E7%BE%8E%E7%99%BD%E4%B8%B8%EF%BD%9C%E6%B4%97%E9%A1%8F%E5%87%9D%E8%86%A0%EF%BD%9C%E5%B0%8F%E7%B4%85%E7%AE%A1%E7%89%99%E8%86%8F%EF%BD%9C%E9%AB%98%E9%98%B2%E6%9B%AC%E6%8A%97%E7%9A%BA%E6%97%A5%E9%9C%9C%EF%BD%9C%E6%88%90%E4%BA%BA%E7%97%98%E7%97%98%E8%97%A5%EF%BD%9C%E9%85%B8%E7%97%9B%E8%B2%BC%E5%B8%83_ll_Kevin%E6%83%B3.png,
,,,美白牙膏排行清單,No,%E6%96%B0%E6%B8%85%E5%96%AE/%E7%84%A1%E6%A8%99%E9%A1%8C%202793-3d7c/messageImage_1730707432044.jpg,
,,,高露潔 美白牙膏,No,%E6%96%B0%E6%B8%85%E5%96%AE/%E7%84%A1%E6%A8%99%E9%A1%8C%202793-422f/image.jpeg,
,,,clean dental （クリーンデンタル）牙膏,No,%E6%96%B0%E6%B8%85%E5%96%AE/%E7%84%A1%E6%A8%99%E9%A1%8C%202793-6abb/325173023_711807127055159_8540899525465332883_n.jpg,
,,,Minon化妝水,No,%E6%96%B0%E6%B8%85%E5%96%AE/%E7%84%A1%E6%A8%99%E9%A1%8C%202793-50d7/Kevin%E8%80%81%E5%B8%AB%E7%9A%84%E6%99%82%E5%B0%9A%E7%BE%8E%E5%A6%9D%E9%A0%BB%E9%81%93_-_%E3%80%90%E6%8A%BD%E7%8D%8E%E3%80%91%E5%85%AC%E9%96%8B%E7%A7%81%E4%BA%BA%E8%A3%9C%E8%B2%A8%E6%B8%85%E5%96%AE%E6%97%A5%E6%9C%AC%E6%9D%BE%E6%9C%AC%E6%B8%85%E5%BF%85%E8%B2%B7%E8%97%A5%E5%A6%9D%EF%BD%9C_%E6%B7%A1%E6%96%91%E7%BE%8E%E7%99%BD%E4%B8%B8%EF%BD%9C%E6%B4%97%E9%A1%8F%E5%87%9D%E8%86%A0%EF%BD%9C%E5%B0%8F%E7%B4%85%E7%AE%A1%E7%89%99%E8%86%8F%EF%BD%9C%E9%AB%98%E9%98%B2%E6%9B%AC%E6%8A%97%E7%9A%BA%E6%97%A5%E9%9C%9C%EF%BD%9C%E6%88%90%E4%BA%BA%E7%97%98%E7%97%98%E8%97%A5%EF%BD%9C%E9%85%B8%E7%97%9B%E8%B2%BC%E5%B8%83_ll_Kevin_(5).png,
,,,Minon保濕UV日霜,No,%E6%96%B0%E6%B8%85%E5%96%AE/%E7%84%A1%E6%A8%99%E9%A1%8C%202793-7d44/Kevin%E8%80%81%E5%B8%AB%E7%9A%84%E6%99%82%E5%B0%9A%E7%BE%8E%E5%A6%9D%E9%A0%BB%E9%81%93_-_%E3%80%90%E6%8A%BD%E7%8D%8E%E3%80%91%E5%85%AC%E9%96%8B%E7%A7%81%E4%BA%BA%E8%A3%9C%E8%B2%A8%E6%B8%85%E5%96%AE%E6%97%A5%E6%9C%AC%E6%9D%BE%E6%9C%AC%E6%B8%85%E5%BF%85%E8%B2%B7%E8%97%A5%E5%A6%9D%EF%BD%9C_%E6%B7%A1%E6%96%91%E7%BE%8E%E7%99%BD%E4%B8%B8%EF%BD%9C%E6%B4%97%E9%A1%8F%E5%87%9D%E8%86%A0%EF%BD%9C%E5%B0%8F%E7%B4%85%E7%AE%A1%E7%89%99%E8%86%8F%EF%BD%9C%E9%AB%98%E9%98%B2%E6%9B%AC%E6%8A%97%E7%9A%BA%E6%97%A5%E9%9C%9C%EF%BD%9C%E6%88%90%E4%BA%BA%E7%97%98%E7%97%98%E8%97%A5%EF%BD%9C%E9%85%B8%E7%97%9B%E8%B2%BC%E5%B8%83_ll_Kevin_(4).png,
,,,DHC金盞花葉黃素-眼睛,No,%E6%96%B0%E6%B8%85%E5%96%AE/%E7%84%A1%E6%A8%99%E9%A1%8C%202793-88cf/image.png,
,,,DHC綠藻-幫助排便,No,%E6%96%B0%E6%B8%85%E5%96%AE/%E7%84%A1%E6%A8%99%E9%A1%8C%202793-84f4/image.png,
,,,https://www.threads.net/@yienlee141913/post/DHpswrMSa_F?xmt=AQGzTEXeejk0y-XVprRPuvkR6YiTaZejUMKLtTbw5aCTGO8,No,%E6%96%B0%E6%B8%85%E5%96%AE/%E7%84%A1%E6%A8%99%E9%A1%8C%202793-3719/486210684_17903536176104211_6606619817215056524_n.jpg,https://www.threads.net/@yienlee141913/post/DHpswrMSa_F?xmt=AQGzTEXeejk0y-XVprRPuvkR6YiTaZejUMKLtTbw5aCTGO8
,,,"https://www.cosme.net/products/10268440/
頭皮止汗劑",No,%E6%96%B0%E6%B8%85%E5%96%AE/%E7%84%A1%E6%A8%99%E9%A1%8C%202793-99d5/skuimg_1027508_xl.jpg,
7-11,超好ㄘ,,萊姆葡萄餅乾 ⭐️⭐️⭐️,No,%E6%96%B0%E6%B8%85%E5%96%AE/7-11/IMG_1259.jpeg,
,覺得小普,,巧克力冰,No,%E6%96%B0%E6%B8%85%E5%96%AE/%E7%84%A1%E6%A8%99%E9%A1%8C%202793-6ba7/image.png,
,,,費南雪,No,%E6%96%B0%E6%B8%85%E5%96%AE/%E7%84%A1%E6%A8%99%E9%A1%8C%202793-59bb/image.png,
,,,GUM 牙間刷,No,%E6%96%B0%E6%B8%85%E5%96%AE/%E7%84%A1%E6%A8%99%E9%A1%8C%202793-6d11/Untitled.png,
,松本清和Cocokarafine才買得到,,Biore呼吸感防曬乳,No,%E6%96%B0%E6%B8%85%E5%96%AE/%E7%84%A1%E6%A8%99%E9%A1%8C%2027c3-9bbc/%E6%88%AA%E5%9C%96_2025-09-28_15.24.55.png,
,,,藥用洗面乳,No,,
,很甜（？,,開心果巧克力冰,No,%E6%96%B0%E6%B8%85%E5%96%AE/%E7%84%A1%E6%A8%99%E9%A1%8C%2027c3-b0ab/Screenshot_2025-09-28_at_16.03.06_2.png,
,,,拔絲地瓜,No,%E6%96%B0%E6%B8%85%E5%96%AE/%E7%84%A1%E6%A8%99%E9%A1%8C%2027c3-bcf1/Screenshot_2025-09-28_at_16.05.49.png,
,,,拿鐵口味果昔,No,%E6%96%B0%E6%B8%85%E5%96%AE/%E7%84%A1%E6%A8%99%E9%A1%8C%2027c3-74f2/Screenshot_2025-09-28_at_16.06.26.png,
,,,新圓滾滾炸雞,No,,https://www.instagram.com/reel/DNGBKqAzO9u/?igsh=MTEwMmtmdTQ1OWcxcw==
,,,宇治抹茶脆筒霜淇淋,No,%E6%96%B0%E6%B8%85%E5%96%AE/%E7%84%A1%E6%A8%99%E9%A1%8C%2027c3-eb12/Screenshot_2025-09-28_at_16.13.42.png,
,,,依蘭及橙香精油護手霜,No,%E6%96%B0%E6%B8%85%E5%96%AE/%E7%84%A1%E6%A8%99%E9%A1%8C%2027c3-b76f/4550584404689_org.jpg,https://www.muji.com/jp/ja/store/cmdty/detail/4550584404689
,,,綠葡萄大福,No,%E6%96%B0%E6%B8%85%E5%96%AE/%E7%84%A1%E6%A8%99%E9%A1%8C%2027c3-abc4/IMG_1493.jpg,
,,,草莓果實感冰（？,No,%E6%96%B0%E6%B8%85%E5%96%AE/%E7%84%A1%E6%A8%99%E9%A1%8C%2027c3-ee3e/IMG_1492.jpg,
,,,睡眠麻藥 ⭐️⭐️⭐️⭐️⭐️,Yes,%E6%96%B0%E6%B8%85%E5%96%AE/%E7%84%A1%E6%A8%99%E9%A1%8C%2027e3-09ee/IMG_8564.jpeg,https://www.muji.com/jp/ja/store/cmdty/detail/4550584359439
,,,透明布丁,No,,https://youtu.be/4SZ_QrKbytw?si=hqBQEyBqf9s8UHnn&t=828
Uniqlo,,,男女適穿 刷毛休閒寬褲 479847 ⭐️⭐️⭐️,No,,https://www.uniqlo.com/jp/ja/products/E479847-000/00?colorDisplayCode=39&sizeDisplayCode=004
,,,精油沐浴乳 檜木+薰衣草,No,%E6%96%B0%E6%B8%85%E5%96%AE/%E7%84%A1%E6%A8%99%E9%A1%8C%202853-8c50/4550584404436_org.jpeg,https://www.muji.com/jp/ja/store/cmdty/detail/4550584404436
超市,,,ほりにし 調味粉⭐️⭐️⭐️,No,,
,Aesop平替版（？,,Biore洗手乳 ⭐️⭐️⭐️,No,%E6%96%B0%E6%B8%85%E5%96%AE/%E7%84%A1%E6%A8%99%E9%A1%8C%202993-7148/IMG_9754.webp,
全家,,,辛普森襪子🧦,No,%E6%96%B0%E6%B8%85%E5%96%AE/%E5%85%A8%E5%AE%B6/IMG_9877.jpeg,
,,,冷凍可麗露,No,,
,,,Freak’s Store 聯名衣,No,%E6%96%B0%E6%B8%85%E5%96%AE/%E7%84%A1%E6%A8%99%E9%A1%8C%202ba3-a4c8/%E6%88%AA%E5%9C%96_2025-11-29_16.32.50.png,https://www.daytona-park.com/feature/944887#lfLook
,,,投影機,No,%E6%96%B0%E6%B8%85%E5%96%AE/%E7%84%A1%E6%A8%99%E9%A1%8C%202bb3-b392/IMG_1318.jpeg,
,零錢包,,零錢包⭐️⭐️⭐️⭐️⭐️,No,%E6%96%B0%E6%B8%85%E5%96%AE/%E7%84%A1%E6%A8%99%E9%A1%8C%202bd3-8e82/IMG_1372.jpeg,https://www.palcloset.jp/display/item/2524-M09-000000/?cl=11&b=3coins
,,,自動壓縮機,No,%E6%96%B0%E6%B8%85%E5%96%AE/%E7%84%A1%E6%A8%99%E9%A1%8C%202be3-1abd/682708_2847460_1.jpg,https://www.palcloset.jp/display/item/2524-3C7B176-00/?b=3coins
,,,口袋紙巾 和 配件袋,No,%E6%96%B0%E6%B8%85%E5%96%AE/%E7%84%A1%E6%A8%99%E9%A1%8C%202be3-80ff/626395_2662215_1.jpg,https://www.palcloset.jp/display/item/2512-3C2B806-00/?b=3coins
Bic camera,,,WH-1000XM6 耳機 ⭐️⭐️⭐️,No,%E6%96%B0%E6%B8%85%E5%96%AE/Bic%20camera/00000014085203_A01.webp,https://www.biccamera.com/bc/item/14085203/
,,,recolte 調理機,No,%E6%96%B0%E6%B8%85%E5%96%AE/%E7%84%A1%E6%A8%99%E9%A1%8C%202c03-d6da/00000013031047_A01.webp,https://www.biccamera.com/bc/item/13031047/
,,,腮紅霜,No,%E6%96%B0%E6%B8%85%E5%96%AE/%E7%84%A1%E6%A8%99%E9%A1%8C%202c13-1936/IMG_1558.jpeg,
,,,吉伊卡哇草莓果昔,No,,
🎁 伴手禮,"-大丸東京店　バターステイツ
-シュガーバターの木 そごう横浜店",,砂糖樹 炭燒巧克力,No,,https://shop.grapestone.co.jp/shops?brand_ids=9
@Cosme,"遮瑕膏第二名
https://www.cosme.net/categories/item/1013/ranking/
Loft可能也有",,https://www.cosme.net/brands/656/https://www.cosme.net/products/10276759/ ,No,%E6%96%B0%E6%B8%85%E5%96%AE/@Cosme/%E6%88%AA%E5%9C%96_2025-12-19_%E4%B8%8B%E5%8D%882.24.21.png,
,,,三格洗衣袋,No,%E6%96%B0%E6%B8%85%E5%96%AE/%E7%84%A1%E6%A8%99%E9%A1%8C%202d33-cfa0/IMG_2527.jpeg,
,,,現泡鮮奶茶,No,%E6%96%B0%E6%B8%85%E5%96%AE/%E7%84%A1%E6%A8%99%E9%A1%8C%202d63-c10c/IMG_2629.jpeg,
鞋子,,,"https://www.notion.so/2d937953514480dcaeebe596a6351d6a?pvs=21 XT-6
https://www.notion.so/2d937953514480dcaeebe596a6351d6a?pvs=21 SCS Pro
-
https://www.notion.so/2d937953514480828c14c97799fde355?pvs=21 https://www.hoka.com/en/us/all-gender-footwear/mafate-speed-2/1126851.html?dwvar_1126851_color=BCSTL(無防水)
https://www.notion.so/2d937953514480828c14c97799fde355?pvs=21 Mafate Speed4 lite
HOKA https://www.hoka.com/en/us/all-gender-footwear/mafate-three2/1141572.html?dwvar_1141572_color=CTRN https://www.ispo.com.tw/SalePage/Index/10635258
HOKA Bondi 9  / https://www.hoka.com/en/us/all-gender-footwear/stealth%2Ftech-bondi-8-caged/197634737034.html
HOKA B3LS
HOKA Project Transport
HOKA Kaha3 有Gore-tex
-
On https://www.on.com/ja-jp/products/cloudmonster-2-m-3me1012/mens/black-frost-shoes-3ME10121197
On https://www.on.com/ja-jp/products/cloud-6-wp-3mf1006/mens/black-black-shoes-3MF10061043
-
ASICS GEL-TRABUCO 13 GTX
ASICS  https://www.jellysportshop.com/products/1011b681-002
ASICS https://www.asics.com/jp/ja-jp/gel-kayano-14/p/1203A537-109.html
-
Norda ",No,%E6%96%B0%E6%B8%85%E5%96%AE/%E9%9E%8B%E5%AD%90/SOA6-1HT005_L.jpg,
,,,暖爐襪🧦 ⭐️⭐️⭐️⭐️⭐️,No,%E6%96%B0%E6%B8%85%E5%96%AE/%E7%84%A1%E6%A8%99%E9%A1%8C%202dd3-efce/IMG_3041.jpeg,
Montbell,,,圍巾,No,%E6%96%B0%E6%B8%85%E5%96%AE/Montbell/IMG_3043.jpeg,https://www.montbell.com/jp/ja/products/detail/1118824?fo=0&color=BK
,,,脖圍,No,%E6%96%B0%E6%B8%85%E5%96%AE/%E7%84%A1%E6%A8%99%E9%A1%8C%202dd3-3e92/IMG_3042.jpeg,https://www.montbell.com/jp/ja/products/detail/1118823?fo=0&color=NV
,,,蜂蜜拿鐵,No,%E6%96%B0%E6%B8%85%E5%96%AE/%E7%84%A1%E6%A8%99%E9%A1%8C%202de3-8781/IMG_3086.jpeg,
,,,濃厚榛果巧克力冰棒,No,%E6%96%B0%E6%B8%85%E5%96%AE/%E7%84%A1%E6%A8%99%E9%A1%8C%202de3-5d79/IMG_3087.jpeg,
,,,奶油麵包（🉑配烤雞吃）,No,%E6%96%B0%E6%B8%85%E5%96%AE/%E7%84%A1%E6%A8%99%E9%A1%8C%202de3-056e/IMG_3088.jpeg,
唐吉,價位900-1880日幣,,暖爐襪🧦,No,%E6%96%B0%E6%B8%85%E5%96%AE/%E5%94%90%E5%90%89/609175476_17934804282116405_735962581842111996_n.jpg,
,,,Kose coen rich Q10護手霜⭐️⭐️⭐️,No,%E6%96%B0%E6%B8%85%E5%96%AE/%E7%84%A1%E6%A8%99%E9%A1%8C%202e03-81d2/6893466_01_011_R_m.webp,
,,,rosy rosa 粉撲,No,%E6%96%B0%E6%B8%85%E5%96%AE/%E7%84%A1%E6%A8%99%E9%A1%8C%202e03-877e/12148015_O_m.webp,
,,,ZEO-LINE 發熱衣,No,%E6%96%B0%E6%B8%85%E5%96%AE/%E7%84%A1%E6%A8%99%E9%A1%8C%202e23-4c10/IMG_3140.jpeg,https://www.montbell.com/jp/ja/products/detail/1107704?fo=0&color=BK
,,,DHC GABA,No,,
,,,手套,No,%E6%96%B0%E6%B8%85%E5%96%AE/%E7%84%A1%E6%A8%99%E9%A1%8C%202e33-2634/IMG_3155.jpeg,https://www.montbell.com/jp/ja/products/detail/1118625?fo=1&color=BK
,,,抓絨衣 ⭐️⭐️⭐️,No,%E6%96%B0%E6%B8%85%E5%96%AE/%E7%84%A1%E6%A8%99%E9%A1%8C%202e33-7b29/IMG_3156.jpeg,https://www.montbell.com/jp/ja/products/detail/1106753?fo=0&color=IV
,,,AZELAIN 二酸淨痘安瓶,No,%E6%96%B0%E6%B8%85%E5%96%AE/%E7%84%A1%E6%A8%99%E9%A1%8C/IMG_3229.jpeg,
,,,me+me水光瞳高保濕眼藥水⭐️⭐️⭐️,No,%E6%96%B0%E6%B8%85%E5%96%AE/%E7%84%A1%E6%A8%99%E9%A1%8C%202e63-6b91/P5038312255268_1_121153552.jpg,
,,,樂敦製藥 V5護眼舒眠強目素⭐️⭐️⭐️,No,%E6%96%B0%E6%B8%85%E5%96%AE/%E7%84%A1%E6%A8%99%E9%A1%8C%202e63-86d1/202305_20279251-2a5b-4d2e-b18b-b4de4e1a1658.webp,
Workman,"銀座有一間
山形站買？",,"疲勞恢復衣⭐️⭐️⭐️
https://workman.jp/shop/g/g2300022342101/
https://workman.jp/shop/g/g2300012030216/",No,"%E6%96%B0%E6%B8%85%E5%96%AE/Workman/IMG_1065.jpg, %E6%96%B0%E6%B8%85%E5%96%AE/Workman/o1080144015667306869.jpg",https://workman.jp/shop/e/emedh-lp/
,,,酪梨起司口味多力多滋,No,%E6%96%B0%E6%B8%85%E5%96%AE/%E7%84%A1%E6%A8%99%E9%A1%8C%202e93-854a/Screenshot_2026-01-16_at_1.16.14_am.png,
,,,2026年初限定Horoyoi,No,%E6%96%B0%E6%B8%85%E5%96%AE/%E7%84%A1%E6%A8%99%E9%A1%8C%202e93-2be4/Screenshot_2026-01-16_at_1.11.20_am.png,
,,,草莓口味 Pocky,No,%E6%96%B0%E6%B8%85%E5%96%AE/%E7%84%A1%E6%A8%99%E9%A1%8C%202e93-416b/Screenshot_2026-01-16_at_1.17.36_am.png,
,,,シュガートーストクリーム Sugar Toast Cream,No,%E6%96%B0%E6%B8%85%E5%96%AE/%E7%84%A1%E6%A8%99%E9%A1%8C%202e93-73cc/Screenshot_2026-01-16_at_1.19.43_am.png,
,,,斜肩包,No,%E6%96%B0%E6%B8%85%E5%96%AE/%E7%84%A1%E6%A8%99%E9%A1%8C%202e93-f8f5/1123970_bk.webp,https://www.montbell.com/jp/ja/products/detail/1123970?fo=0&color=NV
,,,帽子,No,%E6%96%B0%E6%B8%85%E5%96%AE/%E7%84%A1%E6%A8%99%E9%A1%8C%202e93-2ec0/1128759_dgy.webp,https://www.montbell.com/jp/ja/products/detail/1128759?fo=0&color=DGY
,,,收納包,No,%E6%96%B0%E6%B8%85%E5%96%AE/%E7%84%A1%E6%A8%99%E9%A1%8C%202e93-e7e7/IMG_3380.jpeg,
,,,バレルパンツ Ｃ長褲,No,%E6%96%B0%E6%B8%85%E5%96%AE/%E7%84%A1%E6%A8%99%E9%A1%8C%202ea3-6e19/goods_484875_sub13_3x4.jpeg,https://www.uniqlo.com/jp/ja/products/E484875-000/00?colorDisplayCode=34&sizeDisplayCode=004
,,,GABA 巧克力,No,%E6%96%B0%E6%B8%85%E5%96%AE/%E7%84%A1%E6%A8%99%E9%A1%8C%202eb3-ee83/%E6%87%82%E5%90%83%E6%90%AD%E5%90%83_foodyAmigo-%E7%BE%8E%E9%A3%9F_%E6%97%85%E9%81%8A_%E4%BC%B4%E6%89%8B%E7%A6%AE%E9%96%8B%E7%AE%B1_-_%E5%90%8D%E5%8F%A4%E5%B1%8B%E4%BC%B4%E6%89%8B%E7%A6%AE_%E5%90%8D%E5%8F%A4%E5%B1%8B%E9%99%90%E5%AE%9A%E7%9A%84%E5%AE%A2%E7%BE%8E%E5%A4%9A%E5%B0%8F%E5%80%89%E7%B4%85%E8%B1%86%E5%90%90%E5%8F%B8%E9%A4%85%E4%B9%BE_%E8%9D%A6%E4%BB%99%E8%B2%9D%E4%B9%8B%E9%87%8C_%E6%A1%82%E6%96%B0%E5%A0%82_%E7%82%B8%E6%B5%B7%E8%80%81%E9%85%A5_%E5%9D%82%E8%A7%92%E7%B8%BD%E6%9C%AC%E9%8B%AA_%E6%B5%B7%E8%80%81%E4%BB%99%E8%B2%9D_%E9%9D%92%E6%9F%B3%E7%B8%BD%E6%9C%AC%E5%AE%B6_%E9%9D%92%E8%9B%99%E9%A5%85%E9%A0%AD_%E7%B6%B2%E8%B7%AF%E6%8E%A8%E8%96%A6%E8%97%A5.png,
,,,妮維雅 男士藥用化妝水,No,%E6%96%B0%E6%B8%85%E5%96%AE/%E7%84%A1%E6%A8%99%E9%A1%8C%202eb3-4ed3/%E6%87%B6%E6%95%A3%E6%97%A5%E8%A8%98_Lazy_TV_-_%E6%97%A5%E6%9C%AC%E5%B9%B4%E5%BA%A6%E5%BF%85%E8%B2%B7%E5%A5%BD%E7%89%A9%E6%8E%A8%E8%96%A6%EF%BD%9C%E8%97%A5%E5%A6%9D%E3%80%81%E8%B6%85%E5%B8%82%E7%98%8B%E7%8B%82%E5%9B%9E%E8%B3%BC%E6%B8%85%E5%96%AE%E4%B8%80%E6%AC%A1%E7%9C%8B%EF%BD%9C%E6%87%B6%E6%95%A3%E6%97%A5%E8%A8%98_zQGNmwmDWpU_-_1185x667_-_3m42s.png,
,,,乾燥さん乳霜,No,%E6%96%B0%E6%B8%85%E5%96%AE/%E7%84%A1%E6%A8%99%E9%A1%8C%202ec3-9138/Screenshot_2026-01-18_at_4.24.19_pm.png,
,,,香氛蠟燭,No,,